White,,,Alpha,,,Mark,,,Number,,,Punctuation,,,Symbol,,,Space,,,Graphical,,,Control,,,Format,,,Noncharacter,
,,,,,,,,,,,,,,,,,,,,,,,,,,,,,,,
,,,,,,,,,,,,,,,,,,,,,,,,,,,,,,,
 6_4_4_7 ,584,, 5_4_4_8 ,3976,, 5_4_4_8 ,2256,, 6_4_4_7 ,2176,, 5_4_4_8 ,2432,, 6_4_4_7 ,2864,, 6_4_4_7 ,560,, 5_4_4_8 ,4840,, 5_4_4_8 ,328,, 6_4_4_7 ,904,, 6_4_4_7 ,4904
 5_4_4_8 ,608,, 4_5_4_8 ,4008,, 4_5_4_8 ,2288,, 5_5_4_7 ,2192,, 6_4_4_7 ,2432,, 5_5_4_7 ,2880,, 5_5_4_7 ,600,, 6_4_4_7 ,4864,, 6_4_4_7 ,352,, 5_5_4_7 ,944,, 5_4_4_8 ,4944
 5_5_4_7 ,624,, 6_4_4_7 ,4208,, 6_4_4_7 ,2448,, 7_4_4_6 ,2216,, 7_4_4_6 ,2440,, 4_6_4_7 ,2944,, 5_4_4_8 ,608,, 4_5_4_8 ,4888,, 4_5_4_8 ,368,, 5_4_4_8 ,976,, 4_5_4_8 ,4968
 7_4_4_6 ,640,, 5_5_4_7 ,4224,, 5_5_4_7 ,2488,, 4_6_4_7 ,2256,, 4_5_4_8 ,2448,, 5_4_4_8 ,2952,, 7_4_4_6 ,624,, 5_5_4_7 ,4904,, 5_5_4_7 ,392,, 7_4_4_6 ,1000,, 5_5_4_7 ,4968
 4_5_4_8 ,648,, 4_4_4_9 ,4240,, 5_4_5_7 ,2552,, 6_5_4_6 ,2264,, 6_5_4_6 ,2464,, 4_5_4_8 ,2968,, 6_5_4_6 ,632,, 4_6_4_7 ,5048,, 5_4_5_7 ,416,, 4_5_4_8 ,1008,, 4_6_4_7 ,5064
 6_5_4_6 ,648,, 4_4_5_8 ,4312,, 4_4_5_8 ,2560,, 5_4_5_7 ,2312,, 5_5_4_7 ,2472,, 5_4_5_7 ,3008,, 4_5_4_8 ,648,, 4_4_5_8 ,5240,, 7_4_4_6 ,416,, 4_6_4_7 ,1048,, 4_4_4_9 ,5256
 5_4_5_7 ,704,, 4_6_4_7 ,4328,, 4_5_5_7 ,2584,, 5_6_4_6 ,2312,, 7_5_4_5 ,2512,, 4_5_5_7 ,3024,, 7_5_4_5 ,656,, 4_4_4_9 ,5264,, 6_4_5_6 ,424,, 6_5_4_6 ,1104,, 7_4_4_6 ,5344
 4_6_4_7 ,736,, 5_4_5_7 ,4568,, 4_6_4_7 ,2592,, 7_5_4_5 ,2320,, 7_4_5_5 ,2520,, 7_4_5_5 ,3056,, 5_4_5_7 ,680,, 5_4_5_7 ,5288,, 6_5_4_6 ,424,, 5_4_5_7 ,1112,, 4_4_5_8 ,5352
 4_5_5_7 ,744,, 4_5_5_7 ,4600,, 7_5_4_5 ,2696,, 4_5_5_7 ,2328,, 5_4_5_7 ,2528,, 6_5_5_5 ,3072,, 4_6_4_7 ,712,, 4_5_5_7 ,5336,, 4_5_5_7 ,456,, 6_4_5_6 ,1128,, 5_4_5_7 ,5360
 5_6_4_6 ,760,, 6_5_4_6 ,4832,, 7_4_4_6 ,2744,, 6_4_5_6 ,2328,, 4_6_4_7 ,2536,, 5_6_5_5 ,3120,, 4_5_5_7 ,720,, 6_5_4_6 ,5360,, 5_5_5_6 ,464,, 4_5_5_7 ,1144,, 6_5_4_6 ,5360
 6_4_5_6 ,776,, 7_4_4_6 ,4864,, 4_4_4_9 ,2760,, 5_5_5_6 ,2344,, 4_5_5_7 ,2544,, 6_4_5_6 ,3144,, 6_6_4_5 ,736,, 7_4_4_6 ,5368,, 4_6_4_7 ,504,, 5_5_5_6 ,1168,, 4_5_5_7 ,5384
 5_5_5_6 ,816,, 5_6_4_6 ,4872,, 8_4_4_5 ,2808,, 4_6_5_6 ,2408,, 6_5_5_5 ,2544,, 5_5_5_6 ,3160,, 5_6_4_6 ,744,, 5_6_4_6 ,5448,, 5_6_4_6 ,536,, 5_6_4_6 ,1200,, 5_6_4_6 ,5496
 4_4_6_7 ,832,, 4_7_4_6 ,5176,, 6_5_4_6 ,2816,, 6_6_4_5 ,2488,, 5_6_4_6 ,2568,, 7_4_4_6 ,3168,, 6_4_5_6 ,760,, 6_4_5_6 ,5552,, 4_6_5_6 ,576,, 7_4_5_5 ,1208,, 6_4_5_6 ,5552
 4_6_5_6 ,928,, 6_4_5_6 ,5192,, 7_4_5_5 ,2864,, 8_4_4_5 ,2488,, 6_4_5_6 ,2576,, 4_4_5_8 ,3184,, 5_5_5_6 ,800,, 5_5_5_6 ,5592,, 5_4_6_6 ,584,, 4_6_5_6 ,1272,, 5_5_5_6 ,5616
 4_4_5_8 ,1008,, 5_5_5_6 ,5208,, 4_4_6_7 ,2904,, 4_7_4_6 ,2512,, 5_5_5_6 ,2616,, 6_5_4_6 ,3184,, 4_4_6_7 ,808,, 4_6_5_6 ,5736,, 4_5_6_6 ,624,, 6_5_5_5 ,1312,, 4_6_5_6 ,5712
 5_4_6_6 ,1056,, 4_4_6_7 ,5288,, 5_6_4_6 ,2912,, 5_4_4_8 ,2512,, 6_6_4_5 ,2632,, 4_6_5_6 ,3224,, 7_4_5_5 ,808,, 4_7_4_6 ,5856,, 4_7_4_6 ,840,, 4_4_5_8 ,1328,, 4_7_4_6 ,5800
 4_7_4_6 ,1064,, 4_6_5_6 ,5312,, 6_6_4_5 ,2912,, 4_5_4_8 ,2528,, 5_6_5_5 ,2648,, 5_6_4_6 ,3232,, 6_5_5_5 ,816,, 4_4_6_7 ,6136,, 4_4_5_8 ,848,, 4_4_4_9 ,1392,, 7_4_5_5 ,6088
 4_5_6_6 ,1096,, 5_4_6_6 ,6064,, 6_4_5_6 ,2936,, 7_4_5_5 ,2544,, 4_6_5_6 ,2680,, 4_7_5_5 ,3320,, 4_6_5_6 ,912,, 5_4_6_6 ,6552,, 4_4_4_9 ,888,, 5_6_5_5 ,1408,, 4_4_6_7 ,6248
 4_4_4_9 ,1176,, 4_5_6_6 ,6096,, 6_5_5_5 ,2936,, 6_5_5_5 ,2592,, 4_4_5_8 ,2704,, 4_7_4_6 ,3432,, 5_6_5_5 ,928,, 4_5_6_6 ,6600,, 4_4_7_6 ,984,, 4_7_4_6 ,1504,, 6_5_5_5 ,6280
 4_4_7_6 ,1312,, 4_4_7_6 ,7552,, 5_5_5_6 ,2976,, 5_6_5_5 ,2640,, 8_4_4_5 ,2736,, 4_4_6_7 ,3496,, 4_4_5_8 ,1008,, 4_4_7_6 ,8296,, 4_4_6_7 ,1016,, 4_4_6_7 ,1544,, 7_5_4_5 ,6296
 6_6_4_5 ,195240,, 6_6_4_5 ,195152,, 5_6_5_5 ,3032,, 5_7_4_5 ,2664,, 4_7_4_6 ,2768,, 5_4_6_6 ,3544,, 5_7_4_5 ,1016,, 6_6_4_5 ,195240,, 6_6_4_5 ,195240,, 6_4_6_5 ,1600,, 8_4_4_5 ,6320
 4_8_4_5 ,195304,, 4_8_4_5 ,195216,, 4_6_5_6 ,3080,, 5_4_6_6 ,2720,, 4_4_6_7 ,2816,, 4_5_6_6 ,3560,, 5_4_6_6 ,1040,, 4_8_4_5 ,195304,, 4_8_4_5 ,195304,, 5_4_6_6 ,1624,, 5_6_5_5 ,6488
 5_7_4_5 ,195312,, 5_7_4_5 ,195224,, 5_7_4_5 ,3192,, 4_4_6_7 ,2728,, 4_7_5_5 ,2848,, 4_4_4_9 ,3608,, 4_7_4_6 ,1048,, 5_7_4_5 ,195312,, 5_7_4_5 ,195312,, 5_5_6_5 ,1640,, 6_6_4_5 ,6528
 7_5_4_5 ,195528,, 7_5_4_5 ,195440,, 4_7_4_6 ,3216,, 4_5_6_6 ,2736,, 5_4_6_6 ,2864,, 5_4_7_5 ,3976,, 8_4_4_5 ,1048,, 7_5_4_5 ,195528,, 7_5_4_5 ,195528,, 4_5_6_6 ,1656,, 5_4_6_6 ,6616
 8_4_4_5 ,196192,, 8_4_4_5 ,196104,, 5_4_6_6 ,3264,, 4_7_5_5 ,2840,, 4_5_6_6 ,2880,, 4_5_7_5 ,3992,, 4_5_6_6 ,1080,, 8_4_4_5 ,196192,, 8_4_4_5 ,196192,, 4_7_5_5 ,1712,, 4_5_6_6 ,6640
 4_7_5_5 ,202168,, 4_7_5_5 ,202168,, 4_5_6_6 ,3296,, 4_4_5_8 ,2848,, 5_7_4_5 ,2912,, 4_4_7_6 ,4544,, 6_4_6_5 ,1168,, 4_7_5_5 ,202168,, 4_7_5_5 ,202168,, 4_6_6_5 ,1744,, 5_7_4_5 ,6912
 5_6_5_5 ,202176,, 5_6_5_5 ,202176,, 4_7_5_5 ,3336,, 6_4_6_5 ,2936,, 6_4_6_5 ,2912,, 6_6_4_5 ,195240,, 4_4_4_9 ,1176,, 5_6_5_5 ,202176,, 5_6_5_5 ,202176,, 5_4_7_5 ,2408,, 4_7_5_5 ,7176
 6_5_5_5 ,202296,, 6_5_5_5 ,202296,, 4_8_4_5 ,3808,, 5_5_6_5 ,2952,, 5_5_6_5 ,2952,, 4_8_4_5 ,195304,, 5_5_6_5 ,1208,, 6_5_5_5 ,202296,, 6_5_5_5 ,202296,, 4_5_7_5 ,2440,, 4_8_4_5 ,7320
 7_4_5_5 ,202608,, 7_4_5_5 ,202608,, 4_4_7_6 ,4000,, 4_4_4_9 ,2968,, 4_6_6_5 ,3016,, 5_7_4_5 ,195312,, 4_7_5_5 ,1232,, 7_4_5_5 ,202608,, 7_4_5_5 ,202608,, 4_4_7_6 ,2504,, 4_4_7_6 ,8464
 4_6_6_5 ,205504,, 4_6_6_5 ,205504,, 6_4_6_5 ,4064,, 4_6_6_5 ,3016,, 4_4_4_9 ,3192,, 7_5_4_5 ,195528,, 4_4_7_6 ,1296,, 4_6_6_5 ,205504,, 4_6_6_5 ,205504,, 4_4_8_5 ,4448,, 4_6_6_5 ,205504
 5_5_6_5 ,205584,, 5_5_6_5 ,205584,, 5_5_6_5 ,4264,, 4_8_4_5 ,3072,, 4_8_4_5 ,3320,, 8_4_4_5 ,196192,, 4_6_6_5 ,1320,, 5_5_6_5 ,205584,, 5_5_6_5 ,205584,, 6_6_4_5 ,161152,, 5_5_6_5 ,205584
 6_4_6_5 ,205592,, 6_4_6_5 ,205592,, 4_6_6_5 ,4272,, 4_4_7_6 ,3584,, 4_4_7_6 ,3472,, 4_6_6_5 ,205504,, 5_4_7_5 ,1504,, 6_4_6_5 ,205592,, 6_4_6_5 ,205592,, 7_5_4_5 ,161296,, 6_4_6_5 ,205592
 4_5_7_5 ,207376,, 4_5_7_5 ,207376,, 5_4_7_5 ,4296,, 5_4_7_5 ,3992,, 5_4_7_5 ,3720,, 5_5_6_5 ,205584,, 4_5_7_5 ,1544,, 4_5_7_5 ,207376,, 4_5_7_5 ,207376,, 5_7_4_5 ,161432,, 4_5_7_5 ,207376
 5_4_7_5 ,207456,, 5_4_7_5 ,207456,, 4_5_7_5 ,4328,, 4_5_7_5 ,4008,, 4_5_7_5 ,3736,, 6_4_6_5 ,205592,, 4_8_4_5 ,1632,, 5_4_7_5 ,207456,, 5_4_7_5 ,207456,, 4_8_4_5 ,161632,, 5_4_7_5 ,207456
 4_4_8_5 ,208576,, 4_4_8_5 ,208576,, 4_4_8_5 ,208576,, 4_4_8_5 ,208576,, 4_4_8_5 ,5504,, 4_4_8_5 ,208576,, 4_4_8_5 ,2808,, 4_4_8_5 ,208576,, 4_4_8_5 ,208576,, 8_4_4_5 ,161816,, 4_4_8_5 ,208576
